<?xml version="1.0" encoding="UTF-8"?>
<metadata xml:lang="pt"><Esri><CreaDate>20250128</CreaDate><CreaTime>14453100</CreaTime><ArcGISFormat>1.0</ArcGISFormat><SyncOnce>TRUE</SyncOnce><DataProperties><lineage><Process ToolSource="c:\program files (x86)\arcgis\desktop10.3\ArcToolbox\Toolboxes\Data Management Tools.tbx\CalculateField" Date="20250128" Time="144531">CalculateField Estado_ambiental_RJ_complet ID__normal "0,14" VB #</Process><Process ToolSource="c:\program files (x86)\arcgis\desktop10.3\ArcToolbox\Toolboxes\Data Management Tools.tbx\CalculateField" Date="20250128" Time="145505">CalculateField IAEA IAEA__Clas "Baixo" VB #</Process><Process ToolSource="c:\program files (x86)\arcgis\desktop10.3\ArcToolbox\Toolboxes\Data Management Tools.tbx\CalculateField" Date="20250128" Time="150741">CalculateField "Canais Retilíneos" Canais_nor "Baixo" VB #</Process></lineage></DataProperties></Esri></metadata>
